Factor_Strategy_RGX,Constraint_Type,Tatiana_Factor_Strategy,Tatiana_Category,
(?:^|\W)abilit[a-z]*,Human Capacity,Farming Experience,Individual AC,
(?:^|\W)able(?:$|\W),Human Capacity,Farming Experience,Individual AC,
(?:^|\W)age(?:$|\W),Human Capacity,Age,Individual AC,
(?:^|\W)agency[a-z]*(?:$|\W),Psychological,Psychological Drivers,Psychological factors,
(?:^|\W)aging(?:$|\W),Human Capacity,Age,Individual AC,
(?:^|\W)anxiet[a-z]*,Psychological,Psychological Barriers,Psychological factors,
(?:^|\W)asset(?:$|\W),Economic&Financial,Assets,Individual AC,
(?:^|\W)autonom[a-z]*,Psychological,Psychological Drivers,Psychological factors,
(?:^|\W)aware[a-z]*,Psychological,Psychological Drivers,Psychological factors,
(?:^|\W)bank(s|),Economic&Financial,Access To Finance,Institutional AC - Formal Institutions,
(?:^|\W)bankrupt[a-z]*,Economic&Financial,Economic Factors,Individual AC,
(?:^|\W)belief(s|),Psychological,Psychological Drivers,Psychological factors,
(?:^|\W)black,Human Capacity,Demographic Factors,Individual AC,
(?:^|\W)budd[a-z]*,Human Capacity,Demographic Factors,Individual AC,
(?:^|\W)cast(?:$|\W),Human Capacity,Demographic Factors,Individual AC,
(?:^|\W)child(?:$|\W),Human Capacity,Age,Individual AC,
(?:^|\W)child[a-z]*,Human Capacity,Demographic Factors,Individual AC,
(?:^|\W)collapse ,Tcca-Specific ,TCCA-specific ,TCCA-specific ,
(?:^|\W)confidence,Psychological,Psychological Drivers,Psychological factors,
(?:^|\W)context(?:$|\W),Social&Cultural,Local Context,Individual AC,
(?:^|\W)cooperative [a-z]*,Social&Cultural,Cultural Social Norms,Institutional AC - Informal Institutions,
(?:^|\W)cultur[a-z]*(?:$|\W),Social&Cultural,Cultural Social Norms,Institutional AC - Informal Institutions,
(?:^|\W)debt(s|),Economic&Financial,Access To Finance,Institutional AC - Formal Institutions,
(?:^|\W)denial(?:$|\W),Psychological,Psychological Barriers,Psychological factors,
(?:^|\W)desire(?:$|\W),Psychological,Psychological Drivers,Psychological factors,
(?:^|\W)drastic,Tcca-Specific ,TCCA-specific ,TCCA-specific ,
(?:^|\W)elderly(?:$|\W),Human Capacity,Age,Individual AC,
(?:^|\W)famine,Hazard,Non-Climate Related Hazard,Hazard Experience,
(?:^|\W)father(?:$|\W),Human Capacity,Gender,Individual AC,
(?:^|\W)fear[a-z]*(?:$|\W),Psychological,Psychological Drivers,Psychological factors,
(?:^|\W)female(?:$|\W),Human Capacity,Gender,Individual AC,
(?:^|\W)friend,Social&Cultural,Social Capital,Institutional AC - Informal Institutions,
(?:^|\W)gender[a-z]*(?:$|\W),Human Capacity,Gender,Individual AC,
(?:^|\W)girl[a-z]*(?:$|\W),Human Capacity,Gender,Individual AC,
(?:^|\W)health,Human Capacity,Health,Individual AC,
(?:^|\W)hunger,Human Capacity,Health,Individual AC,
(?:^|\W)inability,Human Capacity,Farming Experience,Individual AC,
(?:^|\W)income,Economic&Financial,Income,Individual AC,
(?:^|\W)inequalit[a-z]*,Economic&Financial,Economic Factors,Individual AC,
(?:^|\W)inherit[a-z]*(?:$|\W),Economic&Financial,Owner,Individual AC,
(?:^|\W)innovator(?:$|\W),Human Capacity,Farming Experience,Individual AC,
(?:^|\W)invest[a-z]*,Economic&Financial,Access To Finance,Institutional AC - Formal Institutions,
(?:^|\W)law(s|)(?:$|\W),Governance&Institutions,Government Support,Institutional AC - Formal Institutions,
(?:^|\W)loan(s|),Economic&Financial,Access To Finance,Institutional AC - Formal Institutions,
(?:^|\W)male(?:$|\W),Human Capacity,Gender,Individual AC,
(?:^|\W)man(?:$|\W),Human Capacity,Gender,Individual AC,
(?:^|\W)market[a-z]*,Economic&Financial,Economic Factors,Individual AC,
(?:^|\W)men(?:$|\W),Human Capacity,Gender,Individual AC,
(?:^|\W)money,Economic&Financial,Economic Factors,Individual AC,
(?:^|\W)mother(?:$|\W),Human Capacity,Gender,Individual AC,
(?:^|\W)mother(?:$|\W),Human Capacity,Gender,Individual AC,
(?:^|\W)motivation(s|),Psychological,Psychological Drivers,Psychological factors,
(?:^|\W)municipal[a-z]*,Governance&Institutions,Government Support,Institutional AC - Formal Institutions,
(?:^|\W)muslim[a-z]*,Human Capacity,Demographic Factors,Individual AC,
(?:^|\W)neighbo(u|)r,Social&Cultural,Social Capital,Institutional AC - Informal Institutions,
(?:^|\W)old[a-z]*(?:$|\W),Human Capacity,Age,Individual AC,
(?:^|\W)own[a-z]*,Economic&Financial,Owner,Individual AC,
(?:^|\W)payback,Economic&Financial,Access To Finance,Institutional AC - Formal Institutions,
(?:^|\W)peer(?:$|\W),Social&Cultural,Social Capital,Institutional AC - Informal Institutions,
(?:^|\W)perception(s|),Psychological,Psychological Drivers,Psychological factors,
(?:^|\W)povert[a-z]*,Economic&Financial,Economic Factors,Individual AC,
(?:^|\W)practice(s|)(?:$|\W),Social&Cultural,Cultural Social Norms,Institutional AC - Informal Institutions,
(?:^|\W)production(s|),Economic&Financial,Economic Factors,Individual AC,
(?:^|\W)productivit[a-z]*,Economic&Financial,Economic Factors,Individual AC,
(?:^|\W)profit[a-z]*,Economic&Financial,Economic Factors,Individual AC,
(?:^|\W)program[a-z]*,Governance&Institutions,Government Support,Institutional AC - Formal Institutions,
(?:^|\W)race(?:$|\W),Human Capacity,Demographic Factors,Individual AC,
(?:^|\W)refund[a-z]*,Governance&Institutions,Government Support,Institutional AC - Formal Institutions,
(?:^|\W)risk(s|),Psychological,Psychological Drivers,Psychological factors,
(?:^|\W)school(s|),Human Capacity,Education,Individual AC,
(?:^|\W)shock(s|),Tcca-Specific ,TCCA-specific ,TCCA-specific ,
(?:^|\W)skill(s|)(?:$|\W),Human Capacity,Farming Experience,Individual AC,
(?:^|\W)subsid[a-z]*,Economic&Financial,Access To Finance,Institutional AC - Formal Institutions,
(?:^|\W)technolog[a-z]*,Technology&Infrastructure,Access To Technology,Technology,
(?:^|\W)television,Technology&Infrastructure,Access To Technology,Technology,
(?:^|\W)tradition[a-z]*,Social&Cultural,Cultural Social Norms,Institutional AC - Informal Institutions,
(?:^|\W)training(s|),Information&Awareness,Access To Information,Knowledge and Information,
(?:^|\W)trust(?:$|\W),Psychological,Psychological Drivers,Psychological factors,
(?:^|\W)wealth[a-z]*,Economic&Financial,Income,Individual AC,
(?:^|\W)woman(?:$|\W),Human Capacity,Gender,Individual AC,
(?:^|\W)women(?:$|\W),Human Capacity,Gender,Individual AC,
(?:^|\W)worr[a-z]*,Psychological,Psychological Drivers,Psychological factors,
(?:^|\W)young(?:$|\W),Human Capacity,Age,Individual AC,
[a-z]*(\s|-|)income,Economic&Financial,Income,Individual AC,
^attitude(s|)$,Psychological,Psychological Drivers,Psychological factors,
^circumstance(s|)$,Social&Cultural,Local Context,Individual AC,
^experience(s|)$,Human Capacity,Farming Experience,Individual AC,
^family$,Social&Cultural,Social Capital,Institutional AC - Informal Institutions,
^government[a-z]*$,Governance&Institutions,Government Support,Institutional AC - Formal Institutions,
^information$,Information&Awareness,Access To Information,Knowledge and Information,
^knowledge$,Information&Awareness,Access To Information,Knowledge and Information,
^literacy$,Human Capacity,Education,Individual AC,
^precipitation(s|)$,Technology&Infrastructure,Access To Irrigation,Individual AC,
"absence [[a-z]*\s{0,1}]{0,1}infrastructure(s|)",Technology&Infrastructure,Farm Characteristics,Individual AC,
"acces[a-z]* [[a-z]*\s{0,1}]{0,1}credit(s|)",Economic&Financial,Access To Finance,Institutional AC - Formal Institutions,
"acces[a-z]* [[a-z]*\s{0,1}]{0,1}information",Information&Awareness,Access To Information,Knowledge and Information,
"acces[a-z]* [[a-z]*\s{0,1}]{0,1}market",Economic&Financial,Access To Market Input Output,Individual AC,
"access[a-z]* [[a-z]*\s{0,1}]{0,1} water",Technology&Infrastructure,Access To Irrigation,Individual AC,
"access[a-z]* [[a-z]*\s{0,1}]{0,1}financ[a-z]*",Economic&Financial,Economic Factors,Individual AC,
"access[a-z]* [[a-z]*\s{0,1}]{0,1}infrastructure(s|)",Technology&Infrastructure,Access To Infrastructure,Individual AC,
"access[a-z]* [[a-z]*\s{0,1}]{0,1}irrigation",Technology&Infrastructure,Access To Irrigation,Individual AC,
"access[a-z]* [[a-z]*\s{0,1}]{0,1}resource[a-z]*",Economic&Financial,Economic Factors,Individual AC,
"access[a-z]* [[a-z]*\s{0,1}]{0,1}technolog[a-z]*",Technology&Infrastructure,Access To Technology,Technology,
access[a-z]* improv[a-z]* productivity,Economic&Financial,Economic Factors,Individual AC,
ad(a|o)pt[a-z]* capacit[a-z]*,Human Capacity,Adaptive Capacity,Individual AC,
ad(a|o)pt[a-z]* cost[a-z]*,Economic&Financial,Economic Factors,Individual AC,
ad(a|o)pt[a-z]* polic[a-z]*,Governance&Institutions,Government Support,Institutional AC - Formal Institutions,
"agricult[a-z]* [[a-z]*\s{0,1}]{0,1}income[a-z]*",Economic&Financial,Economic Factors,Individual AC,
"allocati[a-z]* [[a-z]*\s{0,1}]{0,1} water",Technology&Infrastructure,Access To Irrigation,Individual AC,
alternative water(\s|-|)source(s|),Technology&Infrastructure,Access To Irrigation,Individual AC,
"artic ([a-z\s]*)^{0,1}ice[a-z]* los[a-z]*",Hazard,Climate-Change Related Hazard Experience,Hazard Experience,
asset[a-z]* damag[a-z]*,Hazard,Damage Experience,Hazard Experience,
"availab[a-z]* [[a-z]*\s{0,1}]{0,1}water",Technology&Infrastructure,Access To Irrigation,Individual AC,
availab[a-z]* summer season,Hazard,Climate-Change Related Hazard Experience,Hazard Experience,
behavio(u|)ral control(s|),Social&Cultural,Local Context,Individual AC,
belonging(s|),Economic&Financial,Assets,Individual AC,
build[a-z]* damag[a-z]*,Hazard,Damage Experience,Hazard Experience,
build[a-z]* vulnerab[a-z]*,Hazard,Damage Experience,Hazard Experience,
capacity building,Human Capacity,Farming Experience,Individual AC,
capital(s|),Economic&Financial,Assets,Individual AC,
cellular phone,Information&Awareness,Access To Information,Knowledge and Information,
"change [[a-z]*\s{0,1}]{0,1}biophysical environment",Hazard,Climate-Change Related Hazard Experience,Hazard Experience,
"change[a-z]* [[a-z]*\s{0,1}]{0,1}regime ",Tcca-Specific ,TCCA-specific ,TCCA-specific ,
christian[a-z]*,Human Capacity,Demographic Factors,Individual AC,
civil societ[a-z]*,Governance&Institutions,Government Support,Institutional AC - Formal Institutions,
"climat[a-z]* [[a-z]*\s{0,1}]{0,1}concern[a-z]*",Psychological,Psychological Barriers,Psychological factors,
"climat[a-z]* [[a-z]*\s{0,1}]{0,1}forecast[a-z]*",Information&Awareness,Access To Information,Knowledge and Information,
"climat[a-z]* [[a-z]*\s{0,1}]{0,1}hazard(s|)",Hazard,Climate-Change Related Hazard Experience,Hazard Experience,
"climat[a-z]* [[a-z]*\s{0,1}]{0,1}inform[a-z]*",Information&Awareness,Access To Information,Knowledge and Information,
"climat[a-z]* [[a-z]*\s{0,1}]{0,1}knowledge",Human Capacity,Farming Experience,Individual AC,
"climat[a-z]* [[a-z]*\s{0,1}]{0,1}risk",Hazard,Climate-Change Related Hazard Experience,Hazard Experience,
"climat[a-z]* [[a-z]*\s{0,1}]{0,1}service[a-z]*",Information&Awareness,Access To Information,Knowledge and Information,
"climat[a-z]* [[a-z]*\s{0,1}]{0,1}stress[a-z]*",Hazard,Climate-Change Related Hazard Experience,Hazard Experience,
"climat[a-z]* [[a-z]*\s{0,1}]{0,1}variability",Hazard,Climate-Change Related Hazard Experience,Hazard Experience,
"climat[a-z]* [[a-z]*\s{0,1}]{0,1}vulnera[a-z]*",Hazard,Climate-Change Related Hazard Experience,Hazard Experience,
coastal flood[a-z]*,Hazard,Climate-Change Related Hazard Experience,Hazard Experience,
coastal polic[a-z]*,Governance&Institutions,Government Support,Institutional AC - Formal Institutions,
cognitive dissonance,Psychological,Psychological Barriers,Psychological factors,
cold(-|\s|)spell(s|),Hazard,Climate-Change Related Hazard Experience,Hazard Experience,
"collaps[a-z]* [[a-z]*\s{0,1}]{0,1}system(s|)",Hazard,Damage Experience,Hazard Experience,
collective action(s|),Social&Cultural,Social Capital,Institutional AC - Informal Institutions,
colon[a-z]* identi[a-z]*,Social&Cultural,Cultural Social Norms,Institutional AC - Informal Institutions,
coloni(s|z)[a-z]*,Human Capacity,Demographic Factors,Individual AC,
colonialism,Human Capacity,Demographic Factors,Individual AC,
common[a-z]* unders[a-z]*,Social&Cultural,Cultural Social Norms,Institutional AC - Informal Institutions,
communication network(s|),Technology&Infrastructure,Access To Technology,Technology,
community involvement,Social&Cultural,Social Capital,Institutional AC - Informal Institutions,
company size,Economic&Financial,Farm Size,Individual AC,
"compensation [[a-z]*\s{0,1}]{0,1}loss[a-z]*",Governance&Institutions,Government Support,Institutional AC - Formal Institutions,
"concern[a-z]* [[a-z]*\s{0,1}]{0,1}climat[a-z]*",Psychological,Psychological Barriers,Psychological factors,
"concern[a-z]* [[a-z]*\s{0,1}]{0,1}risk",Psychological,Psychological Drivers,Psychological factors,
"conflict[a-z]* [[a-z]*\s{0,1}]{0,1} water",Technology&Infrastructure,Access To Irrigation,Individual AC,
"control[a-z]* [[a-z]*\s{0,1}]{0,1}behavi[a-z]*",Psychological,Psychological Barriers,Psychological factors,
"cost[a-z]* [[a-z]*\s{0,1}]{0,1}ad(a|o)pt[a-z]*",Economic&Financial,Economic Factors,Individual AC,
"cost[a-z]* [[a-z]*\s{0,1}]{0,1}crop[a-z]*",Economic&Financial,Economic Factors,Individual AC,
"cost[a-z]* [[a-z]*\s{0,1}]{0,1}management[a-z]*",Economic&Financial,Economic Factors,Individual AC,
"cost[a-z]* [[a-z]*\s{0,1}]{0,1}prod[a-z]*",Economic&Financial,Economic Factors,Individual AC,
"cost[a-z]* [[a-z]*\s{0,1}]{0,1}travel[a-z]*",Economic&Financial,Access To Market Input Output,Individual AC,
cousin(s|),Social&Cultural,Social Capital,Institutional AC - Informal Institutions,
crop failure(s|),Hazard,Damage Experience,Hazard Experience,
"crop[a-z]* [[a-z]*\s{0,1}]{0,1}production[a-z]*",Economic&Financial,Economic Factors,Individual AC,
"crop[a-z]* [[a-z]*\s{0,1}]{0,1}productivit[a-z]*",Economic&Financial,Economic Factors,Individual AC,
"damag[a-z]* [[a-z]*\s{0,1}]{0,1}propert[a-z]*",Hazard,Damage Experience,Hazard Experience,
damag[a-z]* curv[a-z]*,Hazard,Damage Experience,Hazard Experience,
damag[a-z]* experienc[a-z]*,Hazard,Damage Experience,Hazard Experience,
de(\s|-|)forestation,Hazard,Damage Experience,Hazard Experience,
"death [[a-z]*\s{0,1}]{0,1}animal[a-z]*",Hazard,Non-Climate Related Hazard,Hazard Experience,
"death [[a-z]*\s{0,1}]{0,1}plant[a-z]*",Hazard,Non-Climate Related Hazard,Hazard Experience,
"degree [[a-z]*\s{0,1}]{0,1}agency",Psychological,Psychological Drivers,Psychological factors,
demograph[a-z],Human Capacity,Demographic Factors,Individual AC,
depression,Psychological,Psychological Barriers,Psychological factors,
design polic[a-z]*,Governance&Institutions,Government Support,Institutional AC - Formal Institutions,
"develop[a-z]* [[a-z]*\s{0,1}]{0,1}countr[a-z]*",Economic&Financial,Access To Finance,Institutional AC - Formal Institutions,
"develop[a-z]* [[a-z]*\s{0,1}]{0,1}knowledge",Human Capacity,Farming Experience,Individual AC,
"dictribut[a-z]* [[a-z]*\s{0,1}]{0,1} water",Technology&Infrastructure,Access To Irrigation,Individual AC,
difficult hydrology,Technology&Infrastructure,Access To Irrigation,Individual AC,
"disconnect[a-z]* [[a-z]*\s{0,1}]{0,1} communit[a-z]*",Social&Cultural,Cultural Social Norms,Institutional AC - Informal Institutions,
disease(s|),Hazard,Non-Climate Related Hazard,Hazard Experience,
"dissemination [[a-z]*\s{0,1}]{0,1}drought[a-z]*",Hazard,Climate-Change Related Hazard Experience,Hazard Experience,
"distance [[a-z]*\s{0,1}]{0,1}farm[a-z]*",Economic&Financial,Access To Market Input Output,Individual AC,
"distance [[a-z]*\s{0,1}]{0,1}market[a-z]*",Economic&Financial,Access To Market Input Output,Individual AC,
"distribut[a-z]* [[a-z]*\s{0,1}]{0,1}irrigation",Technology&Infrastructure,Access To Irrigation,Individual AC,
"distributi[a-z]* [[a-z]*\s{0,1}]{0,1}effect[a-z]*",Economic&Financial,Economic Factors,Individual AC,
drought(s|),Hazard,Climate-Change Related Hazard Experience,Hazard Experience,
dry(-|\s|)spell(s|),Hazard,Climate-Change Related Hazard Experience,Hazard Experience,
"econom[a-z]* [[a-z]*\s{0,1}]{0,1}dimension[a-z]*",Economic&Financial,Economic Factors,Individual AC,
econom[a-z]*(|-)[a-z]*,Economic&Financial,Economic Factors,Individual AC,
economic challenge(s|),Economic&Financial,Economic Factors,Individual AC,
educated,Human Capacity,Education,Individual AC,
education,Human Capacity,Education,Individual AC,
emergency fund[a-z]*,Governance&Institutions,Government Support,Institutional AC - Formal Institutions,
employment[a-z]*,Economic&Financial,Economic Factors,Individual AC,
energy infrastructure(s|),Technology&Infrastructure,Access To Infrastructure,Individual AC,
environmental group(s|),Governance&Institutions,Government Support,Institutional AC - Formal Institutions,
environmental hazard(s|),Hazard,Climate-Change Related Hazard Experience,Hazard Experience,
equipment(s|),Technology&Infrastructure,Access To Technology,Technology,
establishment group(s|),Governance&Institutions,Government Support,Institutional AC - Formal Institutions,
ethnicit[a-z]*,Human Capacity,Demographic Factors,Individual AC,
"expensive[a-z]* [[a-z]*\s{0,1}]{0,1}ad(a|o)pt[a-z]*",Economic&Financial,Economic Factors,Individual AC,
experimental knowledge,Human Capacity,Farming Experience,Individual AC,
extension contact,Information&Awareness,Access To Information,Knowledge and Information,
extension officer(s|),Information&Awareness,Access To Information,Knowledge and Information,
extension provider(s|),Information&Awareness,Access To Information,Knowledge and Information,
extension service(s|),Information&Awareness,Access To Information,Knowledge and Information,
extension worker(s|),Information&Awareness,Access To Information,Knowledge and Information,
external knowledge,Information&Awareness,Access To Information,Knowledge and Information,
"extreme [[a-z]*\s{0,1}]{0,1}cold(s|)",Hazard,Climate-Change Related Hazard Experience,Hazard Experience,
"extreme [[a-z]*\s{0,1}]{0,1}event(s|)",Hazard,Climate-Change Related Hazard Experience,Hazard Experience,
"extreme [[a-z]*\s{0,1}]{0,1}heat",Hazard,Climate-Change Related Hazard Experience,Hazard Experience,
"extreme [[a-z]*\s{0,1}]{0,1}precipitation(s|)",Hazard,Climate-Change Related Hazard Experience,Hazard Experience,
"extreme [[a-z]*\s{0,1}]{0,1}temperature(s|)",Hazard,Climate-Change Related Hazard Experience,Hazard Experience,
"famil[a-z]* [[a-z]*\s{0,1}]{0,1}income[a-z]*",Economic&Financial,Income,Individual AC,
"family [[a-z]*\s{0,1}]{0,1}health",Human Capacity,Health,Individual AC,
"family [[a-z]*\s{0,1}]{0,1}structure",Human Capacity,Demographic Factors,Individual AC,
farm characteristic[a-z]*,Technology&Infrastructure,Access To Infrastructure,Individual AC,
farm infrastructure(s|),Technology&Infrastructure,Access To Infrastructure,Individual AC,
farm size,Economic&Financial,Farm Size,Individual AC,
"farm[a-z]* [[a-z]*\s{0,1}]{0,1}abilit[a-z]*",Human Capacity,Farming Experience,Individual AC,
"farm[a-z]* [[a-z]*\s{0,1}]{0,1}credit[a-z]*",Economic&Financial,Access To Finance,Institutional AC - Formal Institutions,
"farm[a-z]* [[a-z]*\s{0,1}]{0,1}distance(s|)",Economic&Financial,Access To Market Input Output,Individual AC,
"farm[a-z]* [[a-z]*\s{0,1}]{0,1}experience(s|)",Human Capacity,Farming Experience,Individual AC,
"farm[a-z]* [[a-z]*\s{0,1}]{0,1}income[a-z]*",Economic&Financial,Income,Individual AC,
"farm[a-z]* [[a-z]*\s{0,1}]{0,1}infrastructure(s|)",Technology&Infrastructure,Access To Infrastructure,Individual AC,
"farm[a-z]* [[a-z]*\s{0,1}]{0,1}knowledge",Human Capacity,Farming Experience,Individual AC,
"farm[a-z]* [[a-z]*\s{0,1}]{0,1}skill[a-z]*",Human Capacity,Farming Experience,Individual AC,
"farm[a-z]* [[a-z]*\s{0,1}]{0,1}technolog[a-z]*",Technology&Infrastructure,Access To Technology,Technology,
"farm[a-z]* [[a-z]*\s{0,1}]{0,1}trust",Psychological,Psychological Drivers,Psychological factors,
"farm[a-z]* [[a-z]*\s{0,1}]{0,1}uncertain[a-z]*",Psychological,Psychological Barriers,Psychological factors,
"farm[a-z]* [[a-z]*\s{0,1}]{0,1}underst[a-z]*",Human Capacity,Farming Experience,Individual AC,
farm[a-z]* land,Economic&Financial,Farm Size,Individual AC,
farm[a-z]* plot,Economic&Financial,Farm Size,Individual AC,
farmer technical [a-z]*,Human Capacity,Farming Experience,Individual AC,
"feel[a-z]* [[a-z]*\s{0,1}]{0,1}guilt[a-z]*",Psychological,Psychological Barriers,Psychological factors,
"financ[a-z]* [[a-z]*\s{0,1}]{0,1}access[a-z]*",Economic&Financial,Access To Finance,Institutional AC - Formal Institutions,
financial,Economic&Financial,Access To Finance,Institutional AC - Formal Institutions,
flood[a-z]*,Hazard,Climate-Change Related Hazard Experience,Hazard Experience,
food erosion,Hazard,Damage Experience,Hazard Experience,
"food[a-z]* [[a-z]*\s{0,1}]{0,1}program[a-z]*",Governance&Institutions,Government Support,Institutional AC - Formal Institutions,
"food[a-z]* [[a-z]*\s{0,1}]{0,1}security",Economic&Financial,Economic Factors,Individual AC,
"food[a-z]* [[a-z]*\s{0,1}]{0,1}storage[a-z]*",Economic&Financial,Economic Factors,Individual AC,
friend[a-z]* network,Information&Awareness,Network,Institutional AC - Informal Institutions,
fungi pest,Hazard,Non-Climate Related Hazard,Hazard Experience,
gender[a-z]* differ[a-z]*,Human Capacity,Gender,Individual AC,
gender[a-z]* norm(|s),Human Capacity,Gender,Individual AC,
gender[a-z]* role(|s),Human Capacity,Gender,Individual AC,
glacial meltwater,Technology&Infrastructure,Access To Irrigation,Individual AC,
goods,Economic&Financial,Assets,Individual AC,
govern[a-z]* mechanism(s|),Governance&Institutions,Government Support,Institutional AC - Formal Institutions,
government[a-z]*,Governance&Institutions,Government Support,Institutional AC - Formal Institutions,
"government[a-z]* [[a-z]*\s{0,1}]{0,1}aid[a-z]*",Governance&Institutions,Government Support,Institutional AC - Formal Institutions,
"government[a-z]* [[a-z]*\s{0,1}]{0,1}bond",Governance&Institutions,Government Support,Institutional AC - Formal Institutions,
"government[a-z]* [[a-z]*\s{0,1}]{0,1}loan(s|)",Governance&Institutions,Government Support,Institutional AC - Formal Institutions,
"government[a-z]* [[a-z]*\s{0,1}]{0,1}program(s|)",Governance&Institutions,Government Support,Institutional AC - Formal Institutions,
"government[a-z]* [[a-z]*\s{0,1}]{0,1}support(s|)",Governance&Institutions,Government Support,Institutional AC - Formal Institutions,
"group [[a-z]*\s{0,1}]{0,1}learn[a-z]*",Information&Awareness,Access To Information,Knowledge and Information,
"guid[a-z]* [[a-z]*\s{0,1}]{0,1}support[a-z]*",Information&Awareness,Access To Information,Knowledge and Information,
guideline,Information&Awareness,Access To Information,Knowledge and Information,
harvest loss,Hazard,Damage Experience,Hazard Experience,
hazard experience(s|),Hazard,Climate-Change Related Hazard Experience,Hazard Experience,
heat(|-|\s)wave(s|),Hazard,Climate-Change Related Hazard Experience,Hazard Experience,
heavy rain[a-z]*,Hazard,Climate-Change Related Hazard Experience,Hazard Experience,
high(-|\s|)level stakeholder(s|),Governance&Institutions,Government Support,Institutional AC - Formal Institutions,
hindu[a-z]*,Human Capacity,Demographic Factors,Individual AC,
historical knowledge,Information&Awareness,Access To Information,Knowledge and Information,
history,Social&Cultural,Local Context,Individual AC,
hous[a-z]* damag[a-z]*,Hazard,Damage Experience,Hazard Experience,
household community,Social&Cultural,Social Capital,Institutional AC - Informal Institutions,
household size,Human Capacity,Demographic Factors,Individual AC,
"household[a-z]* [[a-z]*\s{0,1}]{0,1}asset[a-z]*",Economic&Financial,Farm Characteristics,Individual AC,
"household[a-z]* [[a-z]*\s{0,1}]{0,1}capital[a-z]*",Economic&Financial,Economic Factors,Individual AC,
"household[a-z]* [[a-z]*\s{0,1}]{0,1}income[a-z]*",Economic&Financial,Income,Individual AC,
human(|-|\s)capital,Human Capacity,Farming Experience,Individual AC,
hurricane(s|),Hazard,Climate-Change Related Hazard Experience,Hazard Experience,
hurricane(s|),Hazard,Climate-Change Related Hazard Experience,Hazard Experience,
immense difficult[a-z]*,Psychological,Psychological Drivers,Psychological factors,
inclusive atmosphere(s|),Social&Cultural,Local Context,Individual AC,
"income[a-z]* [[a-z]*\s{0,1}]{0,1}agricultur[a-z]*",Economic&Financial,Income,Individual AC,
"income[a-z]* [[a-z]*\s{0,1}]{0,1}level(s|)",Economic&Financial,Income,Individual AC,
"income[a-z]* [[a-z]*\s{0,1}]{0,1}source[a-z]*",Economic&Financial,Income,Individual AC,
"increas[a-s]* [[a-z]*\s{0,1}]{0,1}precipitation(s|)",Hazard,Climate-Change Related Hazard Experience,Hazard Experience,
"increas[a-z]* [[a-z]*\s{0,1}]{0,1}evaporation(s|)",Hazard,Climate-Change Related Hazard Experience,Hazard Experience,
"increas[a-z]* [[a-z]*\s{0,1}]{0,1}rate(s|)",Hazard,Climate-Change Related Hazard Experience,Hazard Experience,
indigen[a-z]* group[a-z]*,Human Capacity,Demographic Factors,Individual AC,
indigen[a-z]* people,Human Capacity,Demographic Factors,Individual AC,
indigen[a-z]* person,Human Capacity,Demographic Factors,Individual AC,
indigeno(u|)s practice(s|),Social&Cultural,Cultural Social Norms,Institutional AC - Informal Institutions,
individual farmer,Economic&Financial,Farm Size,Individual AC,
"informal[a-z]* [[a-z]*\s{0,1}]{0,1}water",Technology&Infrastructure,Access To Irrigation,Individual AC,
infrast[a-z]* damag[a-z]*,Hazard,Damage Experience,Hazard Experience,
infrastructure facilit[a-z]*,Technology&Infrastructure,Access To Infrastructure,Individual AC,
innovation,Technology&Infrastructure,Access To Technology,Technology,
"insecur[a-z]* [[a-z]*\s{0,1}]{0,1} water",Technology&Infrastructure,Access To Irrigation,Individual AC,
"institution[a-z]* [[a-z]*\s{0,1}]{0,1}factor",Governance&Institutions,Government Support,Institutional AC - Formal Institutions,
institution[a-z]* barrier(s|),Governance&Institutions,Government Support,Institutional AC - Formal Institutions,
institution[a-z]* connection(s|),Social&Cultural,Social Capital,Institutional AC - Informal Institutions,
institution[a-z]* constrain[a-z]*,Governance&Institutions,Government Support,Institutional AC - Formal Institutions,
institution[a-z]* intervent[a-z]*,Governance&Institutions,Government Support,Institutional AC - Formal Institutions,
institution[a-z]* norm(s|),Governance&Institutions,Government Support,Institutional AC - Formal Institutions,
institution[a-z]* role(s|),Governance&Institutions,Government Support,Institutional AC - Formal Institutions,
insufficient fund[a-z]*,Economic&Financial,Economic Factors,Individual AC,
"intensification [[a-z]*\s{0,1}]{0,1}production",Hazard,Damage Experience,Hazard Experience,
interaction communit[a-z]*,Social&Cultural,Cultural Social Norms,Institutional AC - Informal Institutions,
interest rate(s|),Economic&Financial,Access To Finance,Institutional AC - Formal Institutions,
"international [[a-z]*\s{0,1}]{0,1}organization(s|)",Governance&Institutions,Government Support,Institutional AC - Formal Institutions,
"international [[a-z]*\s{0,1}]{0,1}partner",Governance&Institutions,Government Support,Institutional AC - Formal Institutions,
international aid[a-z]*,Governance&Institutions,Government Support,Institutional AC - Formal Institutions,
internet,Technology&Infrastructure,Access To Technology,Technology,
investment[a-z]*,Economic&Financial,Access To Finance,Institutional AC - Formal Institutions,
irrigat[a-z]*,Technology&Infrastructure,Access To Irrigation,Individual AC,
kinship,Social&Cultural,Social Capital,Institutional AC - Informal Institutions,
knowledge construction,Human Capacity,Farming Experience,Individual AC,
knowledge develop[a-z]*,Human Capacity,Farming Experience,Individual AC,
knowledge funda[a-z]*,Information&Awareness,Access To Information,Knowledge and Information,
knowledge skill(s|),Human Capacity,Farming Experience,Individual AC,
labo(u|)r(|-|\s)time,Economic&Financial,Farm Characteristics,Individual AC,
"lack [[a-z]*\s{0,1}]{0,1}access",Technology&Infrastructure,Access To Infrastructure,Individual AC,
"lack [[a-z]*\s{0,1}]{0,1}capital",Economic&Financial,Economic Factors,Individual AC,
"lack [[a-z]*\s{0,1}]{0,1}polic[a-z]*",Governance&Institutions,Government Support,Institutional AC - Formal Institutions,
"lack[a-z]* [[a-z]*\s{0,1}]{0,1}option(s|)",Psychological,Psychological Barriers,Psychological factors,
land(s|-|)owner(s|),Economic&Financial,Owner,Individual AC,
land(s|-|)slide(s|),Hazard,Climate-Change Related Hazard Experience,Hazard Experience,
large damage,Hazard,Damage Experience,Hazard Experience,
latin[a-z]*,Human Capacity,Demographic Factors,Individual AC,
leader[a-z]*,Information&Awareness,Network,Institutional AC - Informal Institutions,
legislat[a-z]*,Governance&Institutions,Government Support,Institutional AC - Formal Institutions,
"level [[a-z]*\s{0,1}]{0,1}education",Human Capacity,Education,Individual AC,
"level [[a-z]*\s{0,1}]{0,1}literacy",Human Capacity,Education,Individual AC,
liquidity constrain[a-z]*,Economic&Financial,Economic Factors,Individual AC,
literacy level(s|),Human Capacity,Education,Individual AC,
"livelihood[a-z]* [[a-z]*\s{0,1}]{0,1}vulnerab[a-z]*",Economic&Financial,Economic Factors,Individual AC,
"local [[a-z]*\s{0,1}]{0,1}context(s|)",Social&Cultural,Local Context,Individual AC,
local area(s|),Social&Cultural,Social Capital,Institutional AC - Informal Institutions,
local farmer(s|),Social&Cultural,Social Capital,Institutional AC - Informal Institutions,
local government[a-z]*,Governance&Institutions,Government Support,Institutional AC - Formal Institutions,
local initiative(s|),Social&Cultural,Social Capital,Institutional AC - Informal Institutions,
local network,Information&Awareness,Network,Institutional AC - Informal Institutions,
"los[a-z]* ([a-z\s]*)^{0,1}artic ([a-z\s]*)^{0,1}ice[a-z]*",Hazard,Climate-Change Related Hazard Experience,Hazard Experience,
"low [[a-z]*\s{0,1}]{0,1}farmer",Economic&Financial,Farm Size,Individual AC,
managerial capacit[a-z]*,Human Capacity,Farming Experience,Individual AC,
mangrove plantation[a-z]*,Governance&Institutions,Government Support,Institutional AC - Formal Institutions,
marginalized,Economic&Financial,Economic Factors,Individual AC,
marital status,Human Capacity,Demographic Factors,Individual AC,
"market [[a-z]*\s{0,1}]{0,1}distance(s|)",Economic&Financial,Access To Market Input Output,Individual AC,
market failure,Economic&Financial,Economic Factors,Individual AC,
"market[a-z]* [[a-z]*\s{0,1}]{0,1}integration[a-z]*",Economic&Financial,Economic Factors,Individual AC,
market[a-z]* distance[a-z]*,Economic&Financial,Economic Factors,Individual AC,
"membership [[a-z]*\s{0,1}]{0,1}group",Social&Cultural,Social Capital,Institutional AC - Informal Institutions,
micro(\s|-|)credit(s|),Economic&Financial,Access To Finance,Institutional AC - Formal Institutions,
mone[a-z]* resource(|s),Economic&Financial,Economic Factors,Individual AC,
monsoon variability,Hazard,Climate-Change Related Hazard Experience,Hazard Experience,
mutual respect(s|),Social&Cultural,Local Context,Individual AC,
national government[a-z]*,Governance&Institutions,Government Support,Institutional AC - Formal Institutions,
national polic[a-z]*,Governance&Institutions,Government Support,Institutional AC - Formal Institutions,
national strateg[a-z]*,Governance&Institutions,Government Support,Institutional AC - Formal Institutions,
natural calamit[a-z]*,Hazard,Climate-Change Related Hazard Experience,Hazard Experience,
natural disaster(s|),Hazard,Climate-Change Related Hazard Experience,Hazard Experience,
natural hazard(s|),Hazard,Climate-Change Related Hazard Experience,Hazard Experience,
negative affect[a-z]*,Psychological,Psychological Drivers,Psychological factors,
neighbo(u|)r(s|),Social&Cultural,Social Capital,Institutional AC - Informal Institutions,
network configuration(s|),Information&Awareness,Network,Institutional AC - Informal Institutions,
network density,Information&Awareness,Network,Institutional AC - Informal Institutions,
network relation[a-z]*,Social&Cultural,Social Capital,Institutional AC - Informal Institutions,
new knowledge,Information&Awareness,Access To Information,Knowledge and Information,
ngo(s|),Governance&Institutions,Government Support,Institutional AC - Formal Institutions,
non(-|\s|)climat[a-z]* factor(s|),Hazard,Non-Climate Related Hazard,Hazard Experience,
"number [[a-z]*\s{0,1}]{0,1}family",Human Capacity,Demographic Factors,Individual AC,
"number [[a-z]*\s{0,1}]{0,1}worker[a-z]*",Technology&Infrastructure,Access To Infrastructure,Individual AC,
ocean[a-z]* acidification,Hazard,Climate-Change Related Hazard Experience,Hazard Experience,
old[a-z]* farmer(s|),Human Capacity,Age,Individual AC,
opportunit[a-z]* window,Tcca-Specific ,TCCA-specific ,TCCA-specific ,
oppressive structure(s|),Governance&Institutions,Government Support,Institutional AC - Formal Institutions,
outcome(\s|-|)efficacy,Psychological,Psychological Drivers,Psychological factors,
participation social,Social&Cultural,Social Capital,Institutional AC - Informal Institutions,
pay(\s|-|)off,Economic&Financial,Access To Finance,Institutional AC - Formal Institutions,
"people [[a-z]*\s{0,1}]{0,1}color",Human Capacity,Demographic Factors,Individual AC,
"people [[a-z]*\s{0,1}]{0,1}race",Human Capacity,Demographic Factors,Individual AC,
perceiv[a-z]* efficacy,Psychological,Psychological Drivers,Psychological factors,
perceive(d|) control,Psychological,Psychological Barriers,Psychological factors,
perceive(d|) damage(s|),Hazard,Damage Experience,Hazard Experience,
perceive(d|) inabilit[a-z]*,Psychological,Psychological Barriers,Psychological factors,
perceive(d|) probabilit[a-z]*,Psychological,Psychological Drivers,Psychological factors,
perceive(d|) responsibilit[a-z]*,Psychological,Psychological Drivers,Psychological factors,
perceive(d|) risk(s|),Psychological,Psychological Drivers,Psychological factors,
"performance [[a-z]*\s{0,1}]{0,1}expectanc[a-z]*",Economic&Financial,Economic Factors,Individual AC,
place attachment,Psychological,Psychological Drivers,Psychological factors,
planned ad(a|o)pt[a-z]*,Governance&Institutions,Government Support,Institutional AC - Formal Institutions,
polic[a-z]* will[a-z]*,Governance&Institutions,Government Support,Institutional AC - Formal Institutions,
policies,Governance&Institutions,Government Support,Institutional AC - Formal Institutions,
policies tailor,Governance&Institutions,Government Support,Institutional AC - Formal Institutions,
policy,Governance&Institutions,Government Support,Institutional AC - Formal Institutions,
policy actor(s|),Governance&Institutions,Government Support,Institutional AC - Formal Institutions,
policy design,Governance&Institutions,Government Support,Institutional AC - Formal Institutions,
policy network,Information&Awareness,Network,Institutional AC - Informal Institutions,
policy respons[a-z]*,Governance&Institutions,Government Support,Institutional AC - Formal Institutions,
"political [[a-z]*\s{0,1}]{0,1}organ[a-z]*",Governance&Institutions,Government Support,Institutional AC - Formal Institutions,
"political [[a-z]*\s{0,1}]{0,1}stress",Governance&Institutions,Government Support,Institutional AC - Formal Institutions,
"political [[a-z]*\s{0,1}]{0,1}trend",Economic&Financial,Economic Factors,Individual AC,
"poor [[a-z]*\s{0,1}]{0,1}income",Economic&Financial,Income,Individual AC,
"poor [[a-z]*\s{0,1}]{0,1}stakeholder(s|)",Governance&Institutions,Government Support,Institutional AC - Formal Institutions,
poor individual(s|),Economic&Financial,Economic Factors,Individual AC,
"poor[a-z]* [[a-z]*\s{0,1}]{0,1}farm[a-z]*",Economic&Financial,Economic Factors,Individual AC,
"poor[a-z]* [[a-z]*\s{0,1}]{0,1}household[a-z]*",Economic&Financial,Economic Factors,Individual AC,
population density,Human Capacity,Demographic Factors,Individual AC,
population grow[a-z]*,Human Capacity,Demographic Factors,Individual AC,
population pressure,Human Capacity,Demographic Factors,Individual AC,
population sensitive,Human Capacity,Demographic Factors,Individual AC,
positive emotion,Psychological,Psychological Drivers,Psychological factors,
possesion(s|),Economic&Financial,Assets,Individual AC,
poverty trap(s|),Tcca-Specific ,TCCA-specific ,TCCA-specific ,
"practice [[a-z]*\s{0,1}]{0,1}province",Social&Cultural,Cultural Social Norms,Institutional AC - Informal Institutions,
precipitation(s|) variability,Hazard,Climate-Change Related Hazard Experience,Hazard Experience,
present knowledge,Human Capacity,Farming Experience,Individual AC,
private sector,Economic&Financial,Access To Finance,Institutional AC - Formal Institutions,
"production[a-z]* [[a-z]*\s{0,1}]{0,1}cost[a-z]*",Economic&Financial,Economic Factors,Individual AC,
productive capacity,Technology&Infrastructure,Access To Technology,Technology,
profession[a-z]* network(|s),Social&Cultural,Social Capital,Institutional AC - Informal Institutions,
prone area(s|),Hazard,Climate-Change Related Hazard Experience,Hazard Experience,
provisioning service,Governance&Institutions,Government Support,Institutional AC - Formal Institutions,
psychological barrier(s|),Psychological,Psychological Barriers,Psychological factors,
psychological driver(s|),Psychological,Psychological Drivers,Psychological factors,
psychological factor,Psychological,Psychological Drivers,Psychological factors,
psychological stress,Psychological,Psychological Barriers,Psychological factors,
"public [[a-z]*\s{0,1}]{0,1}system[a-z]*",Governance&Institutions,Government Support,Institutional AC - Formal Institutions,
public ad(a|o)pt[a-z]*,Governance&Institutions,Government Support,Institutional AC - Formal Institutions,
"quality [[a-z]*\s{0,1}]{0,1}soil",Hazard,Damage Experience,Hazard Experience,
"rainfall [[a-z]*\s{0,1}]{0,1}variability",Hazard,Climate-Change Related Hazard Experience,Hazard Experience,
reciprocal(|\s|-)tie(s|),Information&Awareness,Network,Institutional AC - Informal Institutions,
"reduc[a-z]* [[a-z]*\s{0,1}]{0,1}population",Human Capacity,Demographic Factors,Individual AC,
regime change[a-z]*,Tcca-Specific ,TCCA-specific ,TCCA-specific ,
regime shift[a-z]*,Tcca-Specific ,TCCA-specific ,TCCA-specific ,
regional government[a-z]*,Governance&Institutions,Government Support,Institutional AC - Formal Institutions,
regional network,Information&Awareness,Network,Institutional AC - Informal Institutions,
regulation[a-z]*,Governance&Institutions,Government Support,Institutional AC - Formal Institutions,
relationship communit[a-z]*,Social&Cultural,Social Capital,Institutional AC - Informal Institutions,
religion,Human Capacity,Demographic Factors,Individual AC,
religious,Human Capacity,Demographic Factors,Individual AC,
remittance(s|),Economic&Financial,Access To Finance,Institutional AC - Formal Institutions,
resilienc[a-z]* capacit[a-z]*,Human Capacity,Adaptive Capacity,Individual AC,
resourc[a-z]*,Economic&Financial,Assets,Individual AC,
resource endowment,Economic&Financial,Access To Finance,Institutional AC - Formal Institutions,
response(\s|-|)efficacy,Psychological,Psychological Drivers,Psychological factors,
"return[a-z]* [[a-z]*\s{0,1}]{0,1}investment(s|)",Economic&Financial,Access To Finance,Institutional AC - Formal Institutions,
"return[a-z]* [[a-z]*\s{0,1}]{0,1}period(s|)",Economic&Financial,Access To Finance,Institutional AC - Formal Institutions,
ris[a-z]* ocean[a-z]* temperatur[a-z]*,Hazard,Climate-Change Related Hazard Experience,Hazard Experience,
ris[a-z]* sea(\s|-|)level,Hazard,Climate-Change Related Hazard Experience,Hazard Experience,
risk averse,Psychological,Psychological Drivers,Psychological factors,
road network(s|),Technology&Infrastructure,Access To Infrastructure,Individual AC,
"role [[a-z]*\s{0,1}]{0,1}institution[a-z]*",Governance&Institutions,Government Support,Institutional AC - Formal Institutions,
rural communit[a-z]*,Social&Cultural,Social Capital,Institutional AC - Informal Institutions,
rural develop[a-z]*,Governance&Institutions,Government Support,Institutional AC - Formal Institutions,
rural life,Social&Cultural,Cultural Social Norms,Institutional AC - Informal Institutions,
saline intrusion,Hazard,Climate-Change Related Hazard Experience,Hazard Experience,
saline water,Hazard,Climate-Change Related Hazard Experience,Hazard Experience,
saturated soil,Hazard,Climate-Change Related Hazard Experience,Hazard Experience,
saving(s|),Economic&Financial,Assets,Individual AC,
"scarc[a-z]* [[a-z]*\s{0,1}]{0,1} water",Technology&Infrastructure,Access To Irrigation,Individual AC,
scepticism,Psychological,Psychological Barriers,Psychological factors,
scientif[a-z]* knowledge,Information&Awareness,Access To Information,Knowledge and Information,
sea(\s|-|)level ris[a-z]*,Hazard,Climate-Change Related Hazard Experience,Hazard Experience,
self(\s|-|)efficacy,Psychological,Psychological Drivers,Psychological factors,
self(|-|\s)sufficien[a-z]*,Human Capacity,Farming Experience,Individual AC,*
severe climat[a-z]*,Hazard,Climate-Change Related Hazard Experience,Hazard Experience,
"shift[a-z]* [[a-z]*\s{0,1}]{0,1}regime",Tcca-Specific ,TCCA-specific ,TCCA-specific ,
"shortage [[a-z]*\s{0,1}]{0,1}farm[a-z]*",Hazard,Non-Climate Related Hazard,Hazard Experience,
sibling(s|),Social&Cultural,Social Capital,Institutional AC - Informal Institutions,
sick[a-z]* animal[a-z]*,Hazard,Non-Climate Related Hazard,Hazard Experience,
sick[a-z]* plant[a-z]*,Hazard,Non-Climate Related Hazard,Hazard Experience,
situation assessment,Psychological,Psychological Drivers,Psychological factors,
skill abilit[a-z]*,Human Capacity,Farming Experience,Individual AC,
small(\s|-|)holder farm[a-z]*,Economic&Financial,Farm Characteristics,Individual AC,
small(\s|-|)product[a-z]*,Economic&Financial,Farm Characteristics,Individual AC,
small(\s|-|)scale farm[a-z]*,Economic&Financial,Farm Characteristics,Individual AC,
"small[a-z]* [[a-z]*\s{0,1}]{0,1}farm[a-z]*",Economic&Financial,Farm Characteristics,Individual AC,
soci[a-z]* standard(s|),Social&Cultural,Cultural Social Norms,Institutional AC - Informal Institutions,
social behavi[a-z]*,Social&Cultural,Local Context,Individual AC,
social benefit(s|),Economic&Financial,Access To Finance,Institutional AC - Formal Institutions,
social capital,Social&Cultural,Social Capital,Institutional AC - Informal Institutions,
social change,Social&Cultural,Cultural Social Norms,Institutional AC - Informal Institutions,
social cohesion,Social&Cultural,Social Capital,Institutional AC - Informal Institutions,
social economic,Economic&Financial,Economic Factors,Individual AC,
social expectation[a-z]*,Social&Cultural,Cultural Social Norms,Institutional AC - Informal Institutions,
social feedback(s|),Information&Awareness,Network,Institutional AC - Informal Institutions,
social identi[a-z]*,Social&Cultural,Cultural Social Norms,Institutional AC - Informal Institutions,
social learning,Psychological,Psychological Drivers,Psychological factors,
social link(|s),Information&Awareness,Network,Institutional AC - Informal Institutions,
social network(|s),Social&Cultural,Social Capital,Institutional AC - Informal Institutions,
social norm(s|),Social&Cultural,Cultural Social Norms,Institutional AC - Informal Institutions,
social organization(s|),Social&Cultural,Social Capital,Institutional AC - Informal Institutions,
social participation,Social&Cultural,Social Capital,Institutional AC - Informal Institutions,
social re(-|\s|)organization,Social&Cultural,Social Capital,Institutional AC - Informal Institutions,
social relation[a-z]*,Social&Cultural,Social Capital,Institutional AC - Informal Institutions,
social resilienc[a-z]*,Human Capacity,Adaptive Capacity,Individual AC,
social welfare,Economic&Financial,Access To Finance,Institutional AC - Formal Institutions,
social(s|) tie(s|),Information&Awareness,Network,Institutional AC - Informal Institutions,
"social[a-z]* [[a-z]*\s{0,1}]{0,1}influence[a-z]*",Social&Cultural,Cultural Social Norms,Institutional AC - Informal Institutions,
"social[a-z]* [[a-z]*\s{0,1}]{0,1}norm[a-z]*",Social&Cultural,Cultural Social Norms,Institutional AC - Informal Institutions,
"social[a-z]* [[a-z]*\s{0,1}]{0,1}value[a-z]*",Social&Cultural,Cultural Social Norms,Institutional AC - Informal Institutions,
socio(-|\s|)[a-z]*,Human Capacity,Demographic Factors,Individual AC,
socio(-|\s|)cultur[a-z]*,Social&Cultural,Cultural Social Norms,Institutional AC - Informal Institutions,
"soil [[a-z]*\s{0,1}]{0,1}erosion",Hazard,Damage Experience,Hazard Experience,
soil infertil[a-z]*,Hazard,Damage Experience,Hazard Experience,
soil quality,Hazard,Damage Experience,Hazard Experience,
soil salin[a-z]*,Hazard,Damage Experience,Hazard Experience,
solar electric[a-z]*,Technology&Infrastructure,Access To Infrastructure,Individual AC,
solidarity,Social&Cultural,Social Capital,Institutional AC - Informal Institutions,
stakeholder(s|) engagement,Governance&Institutions,Government Support,Institutional AC - Formal Institutions,
stakeholder(s|) participation,Governance&Institutions,Government Support,Institutional AC - Formal Institutions,
state govern[a-z]*,Governance&Institutions,Government Support,Institutional AC - Formal Institutions,
storage facilit[a-z]*,Technology&Infrastructure,Access To Infrastructure,Individual AC,
storm[a-z]*,Hazard,Climate-Change Related Hazard Experience,Hazard Experience,
structural change(s|),Tcca-Specific ,TCCA-specific ,TCCA-specific ,
sub(\s|-|)regional network(s|),Information&Awareness,Network,Institutional AC - Informal Institutions,
subjective norm(s|),Social&Cultural,Cultural Social Norms,Institutional AC - Informal Institutions,
subsid[a-z]*,Governance&Institutions,Government Support,Institutional AC - Formal Institutions,
"subsistence [[a-z]*\s{0,1}]{0,1}agricultur[a-z]*",Economic&Financial,Economic Factors,Individual AC,
"subsistence[a-z]* [[a-z]*\s{0,1}]{0,1}farm[a-z]*",Economic&Financial,Economic Factors,Individual AC,
supply tool(|s),Technology&Infrastructure,Access To Infrastructure,Individual AC,
support[a-z]*,Governance&Institutions,Government Support,Institutional AC - Formal Institutions,
technical skill,Human Capacity,Farming Experience,Individual AC,
"technolog[a-z]* [[a-z]*\s{0,1}]{0,1}access[a-z]*",Technology&Infrastructure,Access To Technology,Technology,
technological device,Technology&Infrastructure,Access To Technology,Technology,
tornado[a-z]*,Hazard,Climate-Change Related Hazard Experience,Hazard Experience,
traditional authorit[a-z]*,Social&Cultural,Cultural Social Norms,Institutional AC - Informal Institutions,
travel[a-z]* cost[a-z]*,Economic&Financial,Access To Market Input Output,Individual AC,
tropical(\s|-|)storm[a-z]*,Hazard,Climate-Change Related Hazard Experience,Hazard Experience,
typhoon[a-z]*,Hazard,Climate-Change Related Hazard Experience,Hazard Experience,
unaffordable,Economic&Financial,Economic Factors,Individual AC,
"uncertaint[a-z]* [[a-z]*\s{0,1}]{0,1}climat[a-z]*",Hazard,Climate-Change Related Hazard Experience,Hazard Experience,
uneven precipitation,Hazard,Climate-Change Related Hazard Experience,Hazard Experience,
valuables,Economic&Financial,Assets,Individual AC,
viral adoption(s|),Tcca-Specific ,TCCA-specific ,TCCA-specific ,
viral spread[a-z]*,Tcca-Specific ,TCCA-specific ,TCCA-specific ,
viral uptake(s|),Tcca-Specific ,TCCA-specific ,TCCA-specific ,
"vulnerab[a-z]* [[a-z]*\s{0,1}]{0,1}build[a-z]*",Hazard,Damage Experience,Hazard Experience,
"vulnerab[a-z]* [[a-z]*\s{0,1}]{0,1}household[a-z]*",Economic&Financial,Economic Factors,Individual AC,
"vulnerab[a-z]* [[a-z]*\s{0,1}]{0,1}population(s|)",Human Capacity,Demographic Factors,Individual AC,
"water [[a-z]*\s{0,1}]{0,1}access[a-z]*",Technology&Infrastructure,Access To Irrigation,Individual AC,
"water [[a-z]*\s{0,1}]{0,1}allocation(s|)",Technology&Infrastructure,Access To Irrigation,Individual AC,
"water [[a-z]*\s{0,1}]{0,1}availab[a-z]*",Technology&Infrastructure,Access To Irrigation,Individual AC,
"water [[a-z]*\s{0,1}]{0,1}conflict(s|)",Technology&Infrastructure,Access To Irrigation,Individual AC,
"water [[a-z]*\s{0,1}]{0,1}consumption[a-z]*",Technology&Infrastructure,Farm Characteristics,Individual AC,
water distribution,Technology&Infrastructure,Access To Irrigation,Individual AC,
water insecurit[a-z]*,Technology&Infrastructure,Access To Irrigation,Individual AC,
water management[a-z]*,Economic&Financial,Farm Characteristics,Individual AC,
water right(|s),Technology&Infrastructure,Access To Irrigation,Individual AC,
water scarcity,Technology&Infrastructure,Access To Irrigation,Individual AC,
water stress,Technology&Infrastructure,Access To Irrigation,Individual AC,
water(|-|\s)logging,Hazard,Climate-Change Related Hazard Experience,Hazard Experience,
"watershed [[a-z]*\s{0,1}]{0,1}program[a-z]*",Governance&Institutions,Government Support,Institutional AC - Formal Institutions,
wealth,Economic&Financial,Assets,Individual AC,
weather information,Information&Awareness,Access To Information,Knowledge and Information,
"window [[a-z]*\s{0,1}]{0,1}opportunit[a-z]*",Tcca-Specific ,TCCA-specific ,TCCA-specific ,
worker institution,Governance&Institutions,Government Support,Institutional AC - Formal Institutions,
"years [[a-z]*\s{0,1}]{0,1}farming",Human Capacity,Farming Experience,Individual AC,
"years [[a-z]*\s{0,1}]{0,1}school[a-z]*",Human Capacity,Education,Individual AC,
young[a-z]*,Human Capacity,Age,Individual AC,
